{
  "model": {
    "type": "logistic",
    "coefficients": [
      0.004304073416902394,
      -0.7723593672493656,
      1.5723683864273703,
      -0.22726775607941554,
      -0.4994796558657938,
      0.07282497077557044,
      0.2143815067900714,
      0.6926872205586985,
      -1.1094391595721282,
      -1.157065281027761,
      0.5700416554848671,
      -1.0053230168021272,
      -0.7788964906387219
    ],
    "intercept": 0.3727130724039285,
    "is_surrogate": true
  },
  "scaler": {
    "mean": [
      54.420529801324506,
      0.6821192052980133,
      0.9635761589403974,
      131.60264900662253,
      246.5,
      0.1490066225165563,
      0.5264900662251656,
      149.56953642384107,
      0.32781456953642385,
      1.0430463576158941,
      1.3973509933774835,
      0.7185430463576159,
      2.314569536423841
    ],
    "scale": [
      9.032977242582088,
      0.4656528697019059,
      1.030333543609657,
      17.534291651254144,
      51.66773302324759,
      0.35609499991261434,
      0.5251555413556558,
      22.865576062265944,
      0.469416848372609,
      1.1595277603360967,
      0.6152528172398155,
      1.0050800747981639,
      0.6120097552563392
    ]
  },
  "features": [
    "age",
    "sex",
    "cp",
    "trestbps",
    "chol",
    "fbs",
    "restecg",
    "thalach",
    "exang",
    "oldpeak",
    "slope",
    "ca",
    "thal"
  ],
  "model_name": "SVC"
}